,Name,StartSample,StopSample,DurationSample,pleasure,excitation,involving,SubName,Level,Type
0,sub7_train1_20_06_2023_15_25_54_0000.mat,0,22482,22482,5,1,9,sub7,easy,
1,sub7_train1_20_06_2023_15_25_54_0000.mat,38254,69048,30794,4,7,2,sub7,hard,
2,sub7_train1_20_06_2023_15_25_54_0000.mat,75909,106633,30724,2,1,9,sub7,easy,
3,sub7_train1_20_06_2023_15_25_54_0000.mat,110532,141269,30737,5,4,5,sub7,hard,
4,sub7_train1_20_06_2023_15_25_54_0000.mat,146353,177077,30724,4,1,9,sub7,easy,
5,sub7_train1_20_06_2023_15_25_54_0000.mat,182341,213057,30716,4,8,2,sub7,hard,
6,sub7_train2_20_06_2023_15_34_21_0000.mat,0,33022,33022,5,1,9,sub7,easy,silence
7,sub7_train2_20_06_2023_15_34_21_0000.mat,39426,70147,30721,5,9,2,sub7,hard,silence
8,sub7_train2_20_06_2023_15_34_21_0000.mat,73973,104698,30725,3,1,9,sub7,easy,silence
9,sub7_train2_20_06_2023_15_34_21_0000.mat,109057,139778,30721,5,9,2,sub7,hard,silence
10,sub7_train2_20_06_2023_15_34_21_0000.mat,144204,174927,30723,2,1,9,sub7,easy,silence
11,sub7_train2_20_06_2023_15_34_21_0000.mat,178428,209142,30714,4,9,1,sub7,hard,silence
12,sub7_test_20_06_2023_15_55_49_0000.mat,246747,277485,30738,2,1,9,sub7,easy,bci
13,sub7_test_20_06_2023_15_55_49_0000.mat,282678,313400,30722,4,7,2,sub7,hard,bci
14,sub7_test_20_06_2023_15_55_49_0000.mat,316611,347384,30773,2,1,9,sub7,easy,sham
15,sub7_test_20_06_2023_15_55_49_0000.mat,351109,381842,30733,4,6,2,sub7,hard,sham
16,sub7_test_20_06_2023_15_55_49_0000.mat,384808,415532,30724,3,1,9,sub7,easy,bci
17,sub7_test_20_06_2023_15_55_49_0000.mat,419483,450206,30723,4,8,4,sub7,hard,bci
18,sub7_test_20_06_2023_15_55_49_0000.mat,452516,483238,30722,4,1,9,sub7,easy,sham
19,sub7_test_20_06_2023_15_55_49_0000.mat,486781,517504,30723,5,8,6,sub7,hard,sham
20,sub7_test_20_06_2023_15_55_49_0000.mat,520630,551351,30721,2,1,9,sub7,easy,bci
21,sub7_test_20_06_2023_15_55_49_0000.mat,555428,586152,30724,5,8,5,sub7,hard,bci
22,sub7_test_20_06_2023_15_55_49_0000.mat,589058,619764,30706,2,1,9,sub7,easy,sham
23,sub9_train1_03_07_2023_11_59_05_0000.mat,0,33216,33216,4,3,6,sub9,easy,
24,sub9_train1_03_07_2023_11_59_05_0000.mat,51741,82468,30727,7,6,7,sub9,hard,
25,sub9_train1_03_07_2023_11_59_05_0000.mat,92592,123316,30724,3,1,4,sub9,easy,
26,sub9_train1_03_07_2023_11_59_05_0000.mat,133870,164592,30722,6,6,7,sub9,hard,
27,sub9_train1_03_07_2023_11_59_05_0000.mat,174856,205580,30724,2,2,9,sub9,easy,
28,sub9_train1_03_07_2023_11_59_05_0000.mat,212204,242918,30714,6,5,7,sub9,hard,
29,sub9_train2_03_07_2023_12_08_03_0000.mat,0,32651,32651,3,1,9,sub9,easy,
30,sub9_train2_03_07_2023_12_08_03_0000.mat,39437,70196,30759,6,5,8,sub9,hard,
31,sub9_train2_03_07_2023_12_08_03_0000.mat,77869,108601,30732,2,2,9,sub9,easy,
32,sub9_train2_03_07_2023_12_08_03_0000.mat,114642,145374,30732,7,6,6,sub9,hard,
33,sub9_train2_03_07_2023_12_08_03_0000.mat,152540,183268,30728,2,2,9,sub9,easy,
34,sub9_train2_03_07_2023_12_08_03_0000.mat,188844,219563,30719,6,4,8,sub9,hard,
35,sub9_test_03_07_2023_12_35_02_0000.mat,0,34352,34352,3,2,9,sub9,easy,bci
36,sub9_test_03_07_2023_12_35_02_0000.mat,38278,69003,30725,7,4,8,sub9,hard,bci
37,sub9_test_03_07_2023_12_35_02_0000.mat,75288,106011,30723,2,1,9,sub9,easy,sham
38,sub9_test_03_07_2023_12_35_02_0000.mat,112757,143478,30721,2,1,9,sub9,hard,sham
39,sub9_test_03_07_2023_12_35_02_0000.mat,147663,178385,30722,6,3,8,sub9,easy,bci
40,sub9_test_03_07_2023_12_35_02_0000.mat,182467,213188,30721,1,1,9,sub9,hard,bci
41,sub9_test_03_07_2023_12_35_02_0000.mat,218641,249373,30732,2,1,9,sub9,easy,sham
42,sub9_test_03_07_2023_12_35_02_0000.mat,253016,283737,30721,6,4,8,sub9,hard,sham
43,sub9_test_03_07_2023_12_35_02_0000.mat,288818,319542,30724,2,1,9,sub9,easy,bci
44,sub9_test_03_07_2023_12_35_02_0000.mat,324191,354917,30726,6,4,8,sub9,hard,bci
45,sub9_test_03_07_2023_12_35_02_0000.mat,360357,391081,30724,2,1,9,sub9,easy,sham
46,sub9_test_03_07_2023_12_35_02_0000.mat,393968,424697,30729,7,5,8,sub9,hard,sham
47,sub9_test_03_07_2023_12_35_02_0000.mat,432231,447580,15349,1,1,9,sub9,easy,bci
48,sub26_train1_13_09_2023_14_04_41_0000.mat,0,33071,33071,3,2,9,sub26,,
49,sub26_train1_13_09_2023_14_04_41_0000.mat,36349,67079,30730,3,2,9,sub26,,
50,sub26_train1_13_09_2023_14_04_41_0000.mat,71770,102491,30721,6,5,7,sub26,,
51,sub26_train1_13_09_2023_14_04_41_0000.mat,106664,137389,30725,3,2,9,sub26,,
52,sub26_train1_13_09_2023_14_04_41_0000.mat,142790,173566,30776,5,4,8,sub26,,
53,sub26_train1_13_09_2023_14_04_41_0000.mat,177893,208614,30721,3,1,9,sub26,,
54,sub26_train2_13_09_2023_14_12_20_0000.mat,0,36013,36013,6,4,8,sub26,,silence
55,sub26_train2_13_09_2023_14_12_20_0000.mat,40549,71346,30797,2,1,9,sub26,,silence
56,sub26_train2_13_09_2023_14_12_20_0000.mat,76044,106767,30723,5,4,8,sub26,,silence
57,sub26_train2_13_09_2023_14_12_20_0000.mat,110439,141234,30795,3,1,9,sub26,,silence
58,sub26_train2_13_09_2023_14_12_20_0000.mat,145414,176136,30722,6,4,8,sub26,,silence
59,sub26_train2_13_09_2023_14_12_20_0000.mat,180528,211240,30712,3,1,9,sub26,,silence
60,sub26_test_13_09_2023_14_20_34_0000.mat,0,35975,35975,5,3,8,sub26,,bci
61,sub26_test_13_09_2023_14_20_34_0000.mat,38969,69694,30725,2,1,9,sub26,,bci
62,sub26_test_13_09_2023_14_20_34_0000.mat,73659,104382,30723,4,2,8,sub26,,sham
63,sub26_test_13_09_2023_14_20_34_0000.mat,107819,138540,30721,3,1,9,sub26,,sham
64,sub26_test_13_09_2023_14_20_34_0000.mat,143881,174679,30798,5,3,8,sub26,,bci
65,sub26_test_13_09_2023_14_20_34_0000.mat,178543,209265,30722,3,1,9,sub26,,bci
66,sub26_test_13_09_2023_14_20_34_0000.mat,212472,243191,30719,4,2,9,sub26,,sham
67,sub26_test_13_09_2023_14_20_34_0000.mat,245466,276192,30726,2,1,9,sub26,,sham
68,sub26_test_13_09_2023_14_20_34_0000.mat,280075,310810,30735,4,2,8,sub26,,bci
69,sub26_test_13_09_2023_14_20_34_0000.mat,314179,344899,30720,2,1,9,sub26,,bci
70,sub26_test_13_09_2023_14_20_34_0000.mat,348618,379341,30723,3,2,9,sub26,,sham
71,sub26_test_13_09_2023_14_20_34_0000.mat,381354,412075,30721,2,1,9,sub26,,sham
72,sub26_test_13_09_2023_14_20_34_0000.mat,415667,431011,15344,3,2,9,sub26,,bci
73,sub20_train1_21_08_2023_15_57_58_0000.mat,0,31413,31413,5,4,8,sub20,easy,
74,sub20_train1_21_08_2023_15_57_58_0000.mat,40054,70780,30726,6,8,5,sub20,hard,
75,sub20_train1_21_08_2023_15_57_58_0000.mat,76929,107666,30737,6,4,9,sub20,easy,
76,sub20_train1_21_08_2023_15_57_58_0000.mat,112134,142860,30726,7,7,7,sub20,hard,
77,sub20_train1_21_08_2023_15_57_58_0000.mat,146853,177585,30732,7,5,9,sub20,easy,
78,sub20_train1_21_08_2023_15_57_58_0000.mat,183468,214181,30713,7,7,8,sub20,hard,
79,sub20_train2_21_08_2023_16_05_30_0000.mat,0,32879,32879,6,4,9,sub20,easy,silence
80,sub20_train2_21_08_2023_16_05_30_0000.mat,37846,68571,30725,5,7,7,sub20,hard,silence
81,sub20_train2_21_08_2023_16_05_30_0000.mat,74394,105119,30725,5,6,9,sub20,easy,silence
82,sub20_train2_21_08_2023_16_05_30_0000.mat,112588,143319,30731,4,5,5,sub20,hard,silence
83,sub20_train2_21_08_2023_16_05_30_0000.mat,154153,184879,30726,7,3,9,sub20,easy,silence
84,sub20_train2_21_08_2023_16_05_30_0000.mat,192553,223269,30716,6,6,7,sub20,hard,silence
85,sub20_test_21_08_2023_16_14_20_0000.mat,0,41510,41510,6,5,9,sub20,easy,bci
86,sub20_test_21_08_2023_16_14_20_0000.mat,49499,80220,30721,7,4,7,sub20,hard,bci
87,sub20_test_21_08_2023_16_14_20_0000.mat,86725,117449,30724,5,4,9,sub20,easy,sham
88,sub20_test_21_08_2023_16_14_20_0000.mat,123568,154288,30720,7,5,8,sub20,hard,sham
89,sub20_test_21_08_2023_16_14_20_0000.mat,158677,189408,30731,5,3,9,sub20,easy,bci
90,sub20_test_21_08_2023_16_14_20_0000.mat,198574,229294,30720,5,6,7,sub20,hard,bci
91,sub20_test_21_08_2023_16_14_20_0000.mat,235555,266283,30728,6,3,9,sub20,easy,sham
92,sub20_test_21_08_2023_16_14_20_0000.mat,278489,309210,30721,7,6,8,sub20,hard,sham
93,sub20_test_21_08_2023_16_14_20_0000.mat,315573,346297,30724,3,3,9,sub20,easy,bci
94,sub20_test_21_08_2023_16_14_20_0000.mat,356779,387502,30723,6,7,7,sub20,hard,bci
95,sub20_test_21_08_2023_16_14_20_0000.mat,391150,421879,30729,3,3,9,sub20,easy,sham
96,sub20_test_21_08_2023_16_14_20_0000.mat,425904,456626,30722,5,7,7,sub20,hard,sham
97,sub20_test_21_08_2023_16_14_20_0000.mat,461071,476413,15342,5,6,8,sub20,easy,bci
98,sub25_train1_12_09_2023_16_02_33_0000.mat,0,34638,34638,3,1,9,sub25,easy,
99,sub25_train1_12_09_2023_16_02_33_0000.mat,58314,89029,30715,3,4,7,sub25,hard,
100,sub25_train1_12_09_2023_16_02_33_0000.mat,101557,132281,30724,1,1,9,sub25,easy,
101,sub25_train1_12_09_2023_16_02_33_0000.mat,140253,170977,30724,3,3,7,sub25,hard,
102,sub25_train1_12_09_2023_16_02_33_0000.mat,178644,209367,30723,1,1,9,sub25,easy,
103,sub25_train1_12_09_2023_16_02_33_0000.mat,214696,245410,30714,3,4,8,sub25,hard,
104,sub25_train2_12_09_2023_16_11_13_0000.mat,0,33489,33489,1,1,9,sub25,easy,silence
105,sub25_train2_12_09_2023_16_11_13_0000.mat,36932,67680,30748,2,2,7,sub25,hard,silence
106,sub25_train2_12_09_2023_16_11_13_0000.mat,76072,106794,30722,1,1,9,sub25,easy,silence
107,sub25_train2_12_09_2023_16_11_13_0000.mat,110372,141092,30720,3,3,8,sub25,hard,silence
108,sub25_train2_12_09_2023_16_11_13_0000.mat,146487,177211,30724,1,1,9,sub25,easy,silence
109,sub25_train2_12_09_2023_16_11_13_0000.mat,180666,211382,30716,2,2,8,sub25,hard,silence
110,sub25_test_12_09_2023_16_19_29_0000.mat,0,34063,34063,1,1,9,sub25,easy,bci
111,sub25_test_12_09_2023_16_19_29_0000.mat,39621,70343,30722,2,2,8,sub25,hard,bci
112,sub25_test_12_09_2023_16_19_29_0000.mat,73280,104009,30729,1,1,9,sub25,easy,sham
113,sub25_test_12_09_2023_16_19_29_0000.mat,107706,138430,30724,2,2,8,sub25,hard,sham
114,sub25_test_12_09_2023_16_19_29_0000.mat,142064,172787,30723,1,1,9,sub25,easy,bci
115,sub25_test_12_09_2023_16_19_29_0000.mat,175630,206352,30722,2,2,8,sub25,hard,bci
116,sub25_test_12_09_2023_16_19_29_0000.mat,209430,240154,30724,1,1,9,sub25,easy,sham
117,sub25_test_12_09_2023_16_19_29_0000.mat,243224,273946,30722,2,2,8,sub25,hard,sham
118,sub25_test_12_09_2023_16_19_29_0000.mat,277351,308074,30723,1,1,9,sub25,easy,bci
119,sub25_test_12_09_2023_16_19_29_0000.mat,311471,342191,30720,2,1,8,sub25,hard,bci
120,sub25_test_12_09_2023_16_19_29_0000.mat,346044,376767,30723,1,1,9,sub25,easy,sham
121,sub25_test_12_09_2023_16_19_29_0000.mat,380576,411299,30723,2,1,8,sub25,hard,sham
122,sub25_test_12_09_2023_16_19_29_0000.mat,414562,429902,15340,1,1,9,sub25,easy,bci
123,sub21_train1_30_08_2023_14_11_10_0000.mat,0,33022,33022,6,2,8,sub21,easy,
124,sub21_train1_30_08_2023_14_11_10_0000.mat,45357,76125,30768,9,8,6,sub21,hard,
125,sub21_train1_30_08_2023_14_11_10_0000.mat,86332,117061,30729,4,2,9,sub21,easy,
126,sub21_train1_30_08_2023_14_11_10_0000.mat,207347,238068,30721,7,7,7,sub21,hard,
127,sub21_train1_30_08_2023_14_11_10_0000.mat,246565,277288,30723,2,2,9,sub21,easy,
128,sub21_train1_30_08_2023_14_11_10_0000.mat,284380,315093,30713,8,4,8,sub21,hard,
129,sub21_train2_30_08_2023_14_22_10_0000.mat,0,34707,34707,1,1,9,sub21,easy,silence
130,sub21_train2_30_08_2023_14_22_10_0000.mat,40725,71446,30721,8,6,8,sub21,hard,silence
131,sub21_train2_30_08_2023_14_22_10_0000.mat,78711,109439,30728,5,3,9,sub21,easy,silence
132,sub21_train2_30_08_2023_14_22_10_0000.mat,115737,146462,30725,8,7,7,sub21,hard,silence
133,sub21_train2_30_08_2023_14_22_10_0000.mat,153787,184510,30723,6,1,9,sub21,easy,silence
134,sub21_train2_30_08_2023_14_22_10_0000.mat,189261,219983,30722,9,6,9,sub21,hard,silence
135,sub21_test_30_08_2023_14_30_29_0000.mat,0,38464,38464,2,1,9,sub21,easy,bci
136,sub21_test_30_08_2023_14_30_29_0000.mat,45381,76109,30728,6,5,8,sub21,hard,bci
137,sub21_test_30_08_2023_14_30_29_0000.mat,82894,113624,30730,3,2,9,sub21,easy,sham
138,sub21_test_30_08_2023_14_30_29_0000.mat,119363,150085,30722,3,5,6,sub21,hard,sham
139,sub21_test_30_08_2023_14_30_29_0000.mat,159303,190026,30723,1,1,9,sub21,easy,bci
140,sub21_test_30_08_2023_14_30_29_0000.mat,196876,227604,30728,4,3,8,sub21,hard,bci
141,sub21_test_30_08_2023_14_30_29_0000.mat,238167,268890,30723,1,1,9,sub21,easy,sham
142,sub21_test_30_08_2023_14_30_29_0000.mat,272931,303651,30720,4,2,8,sub21,hard,sham
143,sub21_test_30_08_2023_14_30_29_0000.mat,311270,341993,30723,3,2,9,sub21,easy,bci
144,sub21_test_30_08_2023_14_30_29_0000.mat,346667,377388,30721,7,6,9,sub21,hard,bci
145,sub21_test_30_08_2023_14_30_29_0000.mat,382194,412919,30725,4,1,9,sub21,easy,sham
146,sub21_test_30_08_2023_14_30_29_0000.mat,417384,448106,30722,7,7,9,sub21,hard,sham
147,sub21_test_30_08_2023_14_30_29_0000.mat,451794,467136,15342,3,1,9,sub21,easy,bci
148,sub8_train1_27_06_2023_15_11_53_0000.mat,0,48562,48562,4,3,9,sub8,easy,
149,sub8_train1_27_06_2023_15_11_53_0000.mat,60856,91578,30722,6,8,7,sub8,hard,
150,sub8_train1_27_06_2023_15_11_53_0000.mat,96132,126859,30727,2,1,9,sub8,easy,
151,sub8_train1_27_06_2023_15_11_53_0000.mat,132519,163250,30731,6,7,7,sub8,hard,
152,sub8_train1_27_06_2023_15_11_53_0000.mat,169359,200097,30738,3,3,9,sub8,easy,
153,sub8_train1_27_06_2023_15_11_53_0000.mat,203820,234538,30718,7,6,8,sub8,hard,
154,sub8_train2_27_06_2023_15_20_16_0000.mat,0,33472,33472,4,2,1,sub8,easy,silence
155,sub8_train2_27_06_2023_15_20_16_0000.mat,45990,76711,30721,8,6,7,sub8,hard,silence
156,sub8_train2_27_06_2023_15_20_16_0000.mat,86836,117567,30731,5,4,1,sub8,easy,silence
157,sub8_train2_27_06_2023_15_20_16_0000.mat,124478,155200,30722,8,5,7,sub8,hard,silence
158,sub8_train2_27_06_2023_15_20_16_0000.mat,163810,194537,30727,4,3,9,sub8,easy,silence
159,sub8_train2_27_06_2023_15_20_16_0000.mat,202419,233135,30716,8,6,8,sub8,hard,silence
160,sub8_test_27_06_2023_15_31_16_0000.mat,0,57127,57127,3,2,1,sub8,easy,bci
161,sub8_test_27_06_2023_15_31_16_0000.mat,74188,104914,30726,7,5,8,sub8,hard,bci
162,sub8_test_27_06_2023_15_31_16_0000.mat,110733,141463,30730,3,4,4,sub8,easy,sham
163,sub8_test_27_06_2023_15_31_16_0000.mat,146805,177530,30725,5,5,6,sub8,hard,sham
164,sub8_test_27_06_2023_15_31_16_0000.mat,183148,213876,30728,4,2,2,sub8,easy,bci
165,sub8_test_27_06_2023_15_31_16_0000.mat,220047,250779,30732,7,4,4,sub8,hard,bci
166,sub8_test_27_06_2023_15_31_16_0000.mat,254455,285183,30728,3,2,2,sub8,easy,sham
167,sub8_test_27_06_2023_15_31_16_0000.mat,288561,319284,30723,7,4,5,sub8,hard,sham
168,sub8_test_27_06_2023_15_31_16_0000.mat,322757,353484,30727,3,2,1,sub8,easy,bci
169,sub8_test_27_06_2023_15_31_16_0000.mat,356973,387693,30720,6,4,5,sub8,hard,bci
170,sub8_test_27_06_2023_15_31_16_0000.mat,392588,423319,30731,3,2,1,sub8,easy,sham
171,sub8_test_27_06_2023_15_31_16_0000.mat,427599,458321,30722,6,4,6,sub8,hard,sham
172,sub8_test_27_06_2023_15_31_16_0000.mat,463815,479164,15349,2,1,1,sub8,easy,bci
173,sub16_train1_06_08_2023_16_06_49_0000.mat,0,33652,33652,7,2,9,sub16,easy,
174,sub16_train1_06_08_2023_16_06_49_0000.mat,56295,87012,30717,3,7,5,sub16,hard,
175,sub16_train1_06_08_2023_16_06_49_0000.mat,99129,129875,30746,7,3,9,sub16,easy,
176,sub16_train1_06_08_2023_16_06_49_0000.mat,141961,172681,30720,6,6,7,sub16,hard,
177,sub16_train1_06_08_2023_16_06_49_0000.mat,184794,215578,30784,4,2,9,sub16,easy,
178,sub16_train1_06_08_2023_16_06_49_0000.mat,226638,257356,30718,7,5,7,sub16,hard,
179,sub16_train2_06_08_2023_16_15_49_0000.mat,0,32691,32691,5,1,9,sub16,easy,silence
180,sub16_train2_06_08_2023_16_15_49_0000.mat,47236,77967,30731,5,5,5,sub16,hard,silence
181,sub16_train2_06_08_2023_16_15_49_0000.mat,88543,119270,30727,5,1,9,sub16,easy,silence
182,sub16_train2_06_08_2023_16_15_49_0000.mat,128194,158915,30721,7,5,7,sub16,hard,silence
183,sub16_train2_06_08_2023_16_15_49_0000.mat,173467,204191,30724,9,2,9,sub16,easy,silence
184,sub16_train2_06_08_2023_16_15_49_0000.mat,210019,240735,30716,7,7,7,sub16,hard,silence
185,sub16_test_06_08_2023_16_25_05_0000.mat,0,34178,34178,4,1,9,sub16,easy,bci
186,sub16_test_06_08_2023_16_25_05_0000.mat,50373,81101,30728,4,2,8,sub16,hard,bci
187,sub16_test_06_08_2023_16_25_05_0000.mat,90761,121488,30727,3,1,9,sub16,easy,sham
188,sub16_test_06_08_2023_16_25_05_0000.mat,126748,157469,30721,5,4,7,sub16,hard,sham
189,sub16_test_06_08_2023_16_25_05_0000.mat,165227,196002,30775,5,1,9,sub16,easy,bci
190,sub16_test_06_08_2023_16_25_05_0000.mat,199947,230669,30722,7,3,8,sub16,hard,bci
191,sub16_test_06_08_2023_16_25_05_0000.mat,244524,275244,30720,5,1,9,sub16,easy,sham
192,sub16_test_06_08_2023_16_25_05_0000.mat,281882,312608,30726,8,5,8,sub16,hard,sham
193,sub16_test_06_08_2023_16_25_05_0000.mat,324601,355329,30728,5,1,9,sub16,easy,bci
194,sub16_test_06_08_2023_16_25_05_0000.mat,360570,391292,30722,6,1,7,sub16,hard,bci
195,sub16_test_06_08_2023_16_25_05_0000.mat,397576,428308,30732,4,1,9,sub16,easy,sham
196,sub16_test_06_08_2023_16_25_05_0000.mat,436324,467049,30725,7,3,7,sub16,hard,sham
197,sub16_test_06_08_2023_16_25_05_0000.mat,474525,489876,15351,4,1,9,sub16,easy,bci
198,sub18_train1_12_08_2023_15_46_19_0000.mat,0,32770,32770,5,3,1,sub18,easy,
199,sub18_train1_12_08_2023_15_46_19_0000.mat,42984,73736,30752,5,7,7,sub18,hard,
200,sub18_train1_12_08_2023_15_46_19_0000.mat,82285,113006,30721,2,2,2,sub18,easy,
201,sub18_train1_12_08_2023_15_46_19_0000.mat,119264,149990,30726,5,5,5,sub18,hard,
202,sub18_train1_12_08_2023_15_46_19_0000.mat,156127,186850,30723,4,3,3,sub18,easy,
203,sub18_train1_12_08_2023_15_46_19_0000.mat,191737,222452,30715,5,5,4,sub18,hard,
204,sub18_train2_12_08_2023_15_54_21_0000.mat,0,35209,35209,2,2,2,sub18,easy,silence
205,sub18_train2_12_08_2023_15_54_21_0000.mat,39626,70350,30724,3,3,3,sub18,hard,silence
206,sub18_train2_12_08_2023_15_54_21_0000.mat,73874,104603,30729,2,2,2,sub18,easy,silence
207,sub18_train2_12_08_2023_15_54_21_0000.mat,109097,139825,30728,2,2,2,sub18,hard,silence
208,sub18_train2_12_08_2023_15_54_21_0000.mat,142870,173594,30724,2,2,2,sub18,easy,silence
209,sub18_train2_12_08_2023_15_54_21_0000.mat,176188,206904,30716,2,2,2,sub18,hard,silence
210,sub18_test_12_08_2023_16_02_06_0000.mat,0,31597,31597,5,5,5,sub18,easy,bci
211,sub18_test_12_08_2023_16_02_06_0000.mat,35392,66114,30722,5,5,5,sub18,hard,bci
212,sub18_test_12_08_2023_16_02_06_0000.mat,70610,101339,30729,2,2,2,sub18,easy,sham
213,sub18_test_12_08_2023_16_02_06_0000.mat,104591,135316,30725,4,4,4,sub18,hard,sham
214,sub18_test_12_08_2023_16_02_06_0000.mat,139885,170618,30733,4,5,5,sub18,easy,bci
215,sub18_test_12_08_2023_16_02_06_0000.mat,174673,205398,30725,4,5,5,sub18,hard,bci
216,sub18_test_12_08_2023_16_02_06_0000.mat,208674,239396,30722,4,5,5,sub18,easy,sham
217,sub18_test_12_08_2023_16_02_06_0000.mat,242340,273060,30720,5,5,5,sub18,hard,sham
218,sub18_test_12_08_2023_16_02_06_0000.mat,276498,307228,30730,5,5,5,sub18,easy,bci
219,sub18_test_12_08_2023_16_02_06_0000.mat,310118,340841,30723,5,5,5,sub18,hard,bci
220,sub18_test_12_08_2023_16_02_06_0000.mat,344346,375073,30727,4,5,5,sub18,easy,sham
221,sub18_test_12_08_2023_16_02_06_0000.mat,378419,409146,30727,6,7,9,sub18,hard,sham
222,sub18_test_12_08_2023_16_02_06_0000.mat,416618,431978,15360,5,5,5,sub18,easy,bci
223,sub17_train1_08_08_2023_16_47_40_0000.mat,0,33122,33122,4,4,9,sub17,easy,
224,sub17_train1_08_08_2023_16_47_40_0000.mat,54485,85213,30728,7,7,6,sub17,hard,
225,sub17_train1_08_08_2023_16_47_40_0000.mat,92961,123692,30731,3,2,9,sub17,easy,
226,sub17_train1_08_08_2023_16_47_40_0000.mat,137206,167927,30721,7,7,7,sub17,hard,
227,sub17_train1_08_08_2023_16_47_40_0000.mat,173897,204700,30803,3,2,9,sub17,easy,
228,sub17_train1_08_08_2023_16_47_40_0000.mat,211250,241968,30718,6,6,7,sub17,hard,
229,sub17_train2_08_08_2023_16_56_14_0000.mat,0,31844,31844,2,2,9,sub17,easy,silence
230,sub17_train2_08_08_2023_16_56_14_0000.mat,44686,75408,30722,6,6,7,sub17,hard,silence
231,sub17_train2_08_08_2023_16_56_14_0000.mat,79246,109968,30722,1,1,9,sub17,easy,silence
232,sub17_train2_08_08_2023_16_56_14_0000.mat,114440,145162,30722,6,6,8,sub17,hard,silence
233,sub17_train2_08_08_2023_16_56_14_0000.mat,149948,180672,30724,1,1,9,sub17,easy,silence
234,sub17_train2_08_08_2023_16_56_14_0000.mat,185331,216046,30715,5,5,8,sub17,hard,silence
235,sub17_test_08_08_2023_17_05_18_0000.mat,0,37433,37433,2,2,9,sub17,easy,bci
236,sub17_test_08_08_2023_17_05_18_0000.mat,42594,73316,30722,6,6,9,sub17,hard,bci
237,sub17_test_08_08_2023_17_05_18_0000.mat,78940,109663,30723,1,1,9,sub17,easy,sham
238,sub17_test_08_08_2023_17_05_18_0000.mat,112665,143386,30721,5,5,6,sub17,hard,sham
239,sub17_test_08_08_2023_17_05_18_0000.mat,148437,179160,30723,2,2,9,sub17,easy,bci
240,sub17_test_08_08_2023_17_05_18_0000.mat,181527,212256,30729,4,4,8,sub17,hard,bci
241,sub17_test_08_08_2023_17_05_18_0000.mat,217178,247900,30722,1,1,9,sub17,easy,sham
242,sub17_test_08_08_2023_17_05_18_0000.mat,251605,282326,30721,6,5,9,sub17,hard,sham
243,sub17_test_08_08_2023_17_05_18_0000.mat,286976,317698,30722,1,1,9,sub17,easy,bci
244,sub17_test_08_08_2023_17_05_18_0000.mat,320320,351042,30722,7,7,9,sub17,hard,bci
245,sub17_test_08_08_2023_17_05_18_0000.mat,356084,386807,30723,1,1,9,sub17,easy,sham
246,sub17_test_08_08_2023_17_05_18_0000.mat,401617,432338,30721,5,5,9,sub17,hard,sham
247,sub17_test_08_08_2023_17_05_18_0000.mat,436552,451900,15348,1,1,9,sub17,easy,bci
248,sub19_train1_19_08_2023_16_43_41_0000.mat,0,31551,31551,8,5,9,sub19,easy,
249,sub19_train1_19_08_2023_16_43_41_0000.mat,38020,68735,30715,7,9,5,sub19,hard,
250,sub19_train1_19_08_2023_16_43_41_0000.mat,73715,104442,30727,5,2,9,sub19,easy,
251,sub19_train1_19_08_2023_16_43_41_0000.mat,108778,139499,30721,7,8,7,sub19,hard,
252,sub19_train1_19_08_2023_16_43_41_0000.mat,142842,173569,30727,6,3,9,sub19,easy,
253,sub19_train1_19_08_2023_16_43_41_0000.mat,178674,209393,30719,8,8,7,sub19,hard,
254,sub19_train2_19_08_2023_16_51_49_0000.mat,0,34060,34060,7,3,9,sub19,easy,silence
255,sub19_train2_19_08_2023_16_51_49_0000.mat,37726,68446,30720,8,8,7,sub19,hard,silence
256,sub19_train2_19_08_2023_16_51_49_0000.mat,72028,102760,30732,8,2,9,sub19,easy,silence
257,sub19_train2_19_08_2023_16_51_49_0000.mat,107761,138488,30727,8,8,7,sub19,hard,silence
258,sub19_train2_19_08_2023_16_51_49_0000.mat,142145,172879,30734,7,2,9,sub19,easy,silence
259,sub19_train2_19_08_2023_16_51_49_0000.mat,176430,207141,30711,8,8,7,sub19,hard,silence
260,sub19_test_19_08_2023_16_59_38_0000.mat,0,36955,36955,7,2,9,sub19,easy,bci
261,sub19_test_19_08_2023_16_59_38_0000.mat,40580,71300,30720,8,8,7,sub19,hard,bci
262,sub19_test_19_08_2023_16_59_38_0000.mat,75338,106065,30727,8,3,9,sub19,easy,sham
263,sub19_test_19_08_2023_16_59_38_0000.mat,110188,140910,30722,8,8,7,sub19,hard,sham
264,sub19_test_19_08_2023_16_59_38_0000.mat,144396,175126,30730,7,3,9,sub19,easy,bci
265,sub19_test_19_08_2023_16_59_38_0000.mat,178578,209300,30722,7,8,7,sub19,hard,bci
266,sub19_test_19_08_2023_16_59_38_0000.mat,213658,244390,30732,7,3,9,sub19,easy,sham
267,sub19_test_19_08_2023_16_59_38_0000.mat,247555,278288,30733,8,8,7,sub19,hard,sham
268,sub19_test_19_08_2023_16_59_38_0000.mat,281565,312364,30799,7,3,9,sub19,easy,bci
269,sub19_test_19_08_2023_16_59_38_0000.mat,316322,347050,30728,7,8,7,sub19,hard,bci
270,sub19_test_19_08_2023_16_59_38_0000.mat,350682,381419,30737,7,3,9,sub19,easy,sham
271,sub19_test_19_08_2023_16_59_38_0000.mat,383957,414684,30727,8,8,8,sub19,hard,sham
272,sub19_test_19_08_2023_16_59_38_0000.mat,418463,433804,15341,6,3,9,sub19,easy,bci
273,sub13_train1_17_07_2023_16_02_36_0000.mat,0,32785,32785,6,5,8,sub13,easy,
274,sub13_train1_17_07_2023_16_02_36_0000.mat,44900,75659,30759,6,8,4,sub13,hard,
275,sub13_train1_17_07_2023_16_02_36_0000.mat,81163,111895,30732,5,3,8,sub13,easy,
276,sub13_train1_17_07_2023_16_02_36_0000.mat,120355,151080,30725,6,7,5,sub13,hard,
277,sub13_train1_17_07_2023_16_02_36_0000.mat,158661,189417,30756,5,4,9,sub13,easy,
278,sub13_train1_17_07_2023_16_02_36_0000.mat,196408,227130,30722,5,7,6,sub13,hard,
279,sub13_train2_17_07_2023_16_10_35_0000.mat,0,31314,31314,5,3,9,sub13,easy,silence
280,sub13_train2_17_07_2023_16_10_35_0000.mat,41914,72638,30724,5,5,6,sub13,hard,silence
281,sub13_train2_17_07_2023_16_10_35_0000.mat,78587,109318,30731,5,4,9,sub13,easy,silence
282,sub13_train2_17_07_2023_16_10_35_0000.mat,114397,145131,30734,5,6,5,sub13,hard,silence
283,sub13_train2_17_07_2023_16_10_35_0000.mat,152328,183053,30725,5,3,9,sub13,easy,silence
284,sub13_train2_17_07_2023_16_10_35_0000.mat,188304,219015,30711,7,7,6,sub13,hard,silence
285,sub13_test_17_07_2023_16_18_57_0000.mat,0,32126,32126,5,3,9,sub13,easy,bci
286,sub13_test_17_07_2023_16_18_57_0000.mat,36510,67239,30729,6,6,7,sub13,hard,bci
287,sub13_test_17_07_2023_16_18_57_0000.mat,71475,102211,30736,6,4,9,sub13,easy,sham
288,sub13_test_17_07_2023_16_18_57_0000.mat,106083,136804,30721,7,7,7,sub13,hard,sham
289,sub13_test_17_07_2023_16_18_57_0000.mat,140516,171246,30730,5,4,8,sub13,easy,bci
290,sub13_test_17_07_2023_16_18_57_0000.mat,176067,206787,30720,7,6,6,sub13,hard,bci
291,sub13_test_17_07_2023_16_18_57_0000.mat,213258,243994,30736,6,4,8,sub13,easy,sham
292,sub13_test_17_07_2023_16_18_57_0000.mat,251698,282421,30723,8,7,8,sub13,hard,sham
293,sub13_test_17_07_2023_16_18_57_0000.mat,287494,318218,30724,6,4,9,sub13,easy,bci
294,sub13_test_17_07_2023_16_18_57_0000.mat,322965,353691,30726,5,7,6,sub13,hard,bci
295,sub13_test_17_07_2023_16_18_57_0000.mat,359581,390310,30729,7,5,8,sub13,easy,sham
296,sub13_test_17_07_2023_16_18_57_0000.mat,395770,426493,30723,8,7,8,sub13,hard,sham
297,sub13_test_17_07_2023_16_18_57_0000.mat,431150,446493,15343,8,5,9,sub13,easy,bci
298,sub14_train1_25_07_2023_12_41_55_0000.mat,0,36246,36246,5,3,8,sub14,easy,
299,sub14_train1_25_07_2023_12_41_55_0000.mat,49476,80201,30725,7,7,3,sub14,hard,
300,sub14_train1_25_07_2023_12_41_55_0000.mat,86583,117305,30722,6,1,9,sub14,easy,
301,sub14_train1_25_07_2023_12_41_55_0000.mat,126137,156859,30722,3,1,1,sub14,hard,
302,sub14_train1_25_07_2023_12_41_55_0000.mat,162883,193612,30729,7,4,9,sub14,easy,
303,sub14_train1_25_07_2023_12_41_55_0000.mat,199143,229858,30715,7,7,5,sub14,hard,
304,sub14_train2_25_07_2023_12_50_17_0000.mat,0,31694,31694,4,2,9,sub14,easy,silence
305,sub14_train2_25_07_2023_12_50_17_0000.mat,35829,66555,30726,8,7,7,sub14,hard,silence
306,sub14_train2_25_07_2023_12_50_17_0000.mat,73846,104572,30726,8,3,8,sub14,easy,silence
307,sub14_train2_25_07_2023_12_50_17_0000.mat,110291,141016,30725,9,8,4,sub14,hard,silence
308,sub14_train2_25_07_2023_12_50_17_0000.mat,164667,195398,30731,2,2,9,sub14,easy,silence
309,sub14_train2_25_07_2023_12_50_17_0000.mat,201640,232353,30713,8,6,5,sub14,hard,silence
310,sub14_test_25_07_2023_12_58_57_0000.mat,0,36349,36349,7,3,9,sub14,easy,bci
311,sub14_test_25_07_2023_12_58_57_0000.mat,42422,73144,30722,7,5,7,sub14,hard,bci
312,sub14_test_25_07_2023_12_58_57_0000.mat,85391,116113,30722,6,4,8,sub14,easy,sham
313,sub14_test_25_07_2023_12_58_57_0000.mat,120798,151523,30725,8,8,6,sub14,hard,sham
314,sub14_test_25_07_2023_12_58_57_0000.mat,156967,187689,30722,6,5,7,sub14,easy,bci
315,sub14_test_25_07_2023_12_58_57_0000.mat,196110,226831,30721,8,8,6,sub14,hard,bci
316,sub14_test_25_07_2023_12_58_57_0000.mat,235482,266206,30724,4,2,9,sub14,easy,sham
317,sub14_test_25_07_2023_12_58_57_0000.mat,272654,303383,30729,8,8,3,sub14,hard,sham
318,sub14_test_25_07_2023_12_58_57_0000.mat,307169,337898,30729,5,2,8,sub14,easy,bci
319,sub14_test_25_07_2023_12_58_57_0000.mat,349357,380082,30725,4,8,3,sub14,hard,bci
320,sub14_test_25_07_2023_12_58_57_0000.mat,384242,414967,30725,5,4,9,sub14,easy,sham
321,sub14_test_25_07_2023_12_58_57_0000.mat,419960,450680,30720,7,7,6,sub14,hard,sham
322,sub14_test_25_07_2023_12_58_57_0000.mat,454206,469558,15352,4,4,9,sub14,easy,bci
323,sub12_train1_15_07_2023_15_53_39_0000.mat,0,30613,30613,2,4,9,sub12,easy,
324,sub12_train1_15_07_2023_15_53_39_0000.mat,38552,69277,30725,6,8,8,sub12,hard,
325,sub12_train1_15_07_2023_15_53_39_0000.mat,78419,109142,30723,2,2,9,sub12,easy,
326,sub12_train1_15_07_2023_15_53_39_0000.mat,113744,144469,30725,6,8,5,sub12,hard,
327,sub12_train1_15_07_2023_15_53_39_0000.mat,149742,180474,30732,1,1,9,sub12,easy,
328,sub12_train1_15_07_2023_15_53_39_0000.mat,187216,217930,30714,5,6,6,sub12,hard,
329,sub12_train2_15_07_2023_16_01_22_0000.mat,0,33154,33154,1,1,9,sub12,easy,silence
330,sub12_train2_15_07_2023_16_01_22_0000.mat,36953,67678,30725,6,5,7,sub12,hard,silence
331,sub12_train2_15_07_2023_16_01_22_0000.mat,73339,104070,30731,1,1,9,sub12,easy,silence
332,sub12_train2_15_07_2023_16_01_22_0000.mat,107328,138056,30728,4,5,8,sub12,hard,silence
333,sub12_train2_15_07_2023_16_01_22_0000.mat,142556,173279,30723,1,1,9,sub12,easy,silence
334,sub12_train2_15_07_2023_16_01_22_0000.mat,177378,208091,30713,6,6,8,sub12,hard,silence
335,sub12_test_15_07_2023_16_08_59_0000.mat,0,38025,38025,1,8,9,sub12,easy,bci
336,sub12_test_15_07_2023_16_08_59_0000.mat,42925,73652,30727,3,4,8,sub12,hard,bci
337,sub12_test_15_07_2023_16_08_59_0000.mat,78381,109103,30722,1,1,9,sub12,easy,sham
338,sub12_test_15_07_2023_16_08_59_0000.mat,112538,143260,30722,4,4,7,sub12,hard,sham
339,sub12_test_15_07_2023_16_08_59_0000.mat,146973,177705,30732,1,1,9,sub12,easy,bci
340,sub12_test_15_07_2023_16_08_59_0000.mat,182597,213318,30721,4,5,7,sub12,hard,bci
341,sub12_test_15_07_2023_16_08_59_0000.mat,216673,247396,30723,1,1,9,sub12,easy,sham
342,sub12_test_15_07_2023_16_08_59_0000.mat,249100,279821,30721,3,4,8,sub12,hard,sham
343,sub12_test_15_07_2023_16_08_59_0000.mat,282457,313189,30732,1,1,9,sub12,easy,bci
344,sub12_test_15_07_2023_16_08_59_0000.mat,314979,345710,30731,2,3,8,sub12,hard,bci
345,sub12_test_15_07_2023_16_08_59_0000.mat,350557,381279,30722,1,1,9,sub12,easy,sham
346,sub12_test_15_07_2023_16_08_59_0000.mat,383483,414208,30725,3,3,9,sub12,hard,sham
347,sub12_test_15_07_2023_16_08_59_0000.mat,418743,434091,15348,1,1,9,sub12,easy,bci
348,sub10_train1_08_07_2023_15_57_38_0000.mat,0,33036,33036,3,2,9,sub10,easy,
349,sub10_train1_08_07_2023_15_57_38_0000.mat,38920,69649,30729,8,7,7,sub10,hard,
350,sub10_train1_08_07_2023_15_57_38_0000.mat,76543,107265,30722,2,2,9,sub10,easy,
351,sub10_train1_08_07_2023_15_57_38_0000.mat,111033,141764,30731,5,5,8,sub10,hard,
352,sub10_train1_08_07_2023_15_57_38_0000.mat,146441,177164,30723,2,2,9,sub10,easy,
353,sub10_train1_08_07_2023_15_57_38_0000.mat,180235,210953,30718,6,6,8,sub10,hard,
354,sub10_train2_08_07_2023_16_05_00_0000.mat,0,34175,34175,2,2,9,sub10,easy,silence
355,sub10_train2_08_07_2023_16_05_00_0000.mat,36773,67499,30726,6,6,7,sub10,hard,silence
356,sub10_train2_08_07_2023_16_05_00_0000.mat,70969,101697,30728,2,2,9,sub10,easy,silence
357,sub10_train2_08_07_2023_16_05_00_0000.mat,105657,136425,30768,7,7,9,sub10,hard,silence
358,sub10_train2_08_07_2023_16_05_00_0000.mat,139651,170375,30724,2,2,9,sub10,easy,silence
359,sub10_train2_08_07_2023_16_05_00_0000.mat,173089,203799,30710,5,5,9,sub10,hard,silence
360,sub10_test_08_07_2023_16_24_28_0000.mat,0,34300,34300,2,2,9,sub10,,bci
361,sub10_test_08_07_2023_16_24_28_0000.mat,38193,68914,30721,2,2,9,sub10,,bci
362,sub10_test_08_07_2023_16_24_28_0000.mat,71826,102548,30722,5,5,9,sub10,,sham
363,sub10_test_08_07_2023_16_24_28_0000.mat,105190,135911,30721,2,2,9,sub10,,sham
364,sub10_test_08_07_2023_16_24_28_0000.mat,139663,170386,30723,5,5,9,sub10,,bci
365,sub10_test_08_07_2023_16_24_28_0000.mat,173645,204449,30804,2,2,9,sub10,,bci
366,sub10_test_08_07_2023_16_24_28_0000.mat,207012,237736,30724,6,6,9,sub10,,sham
367,sub10_test_08_07_2023_16_24_28_0000.mat,239865,270586,30721,2,2,9,sub10,,sham
368,sub10_test_08_07_2023_16_24_28_0000.mat,273244,303967,30723,5,5,9,sub10,,bci
369,sub10_test_08_07_2023_16_24_28_0000.mat,306185,336906,30721,2,2,9,sub10,,bci
370,sub10_test_08_07_2023_16_24_28_0000.mat,339585,370309,30724,6,6,9,sub10,,sham
371,sub10_test_08_07_2023_16_24_28_0000.mat,373135,403856,30721,2,2,9,sub10,,sham
372,sub10_test_08_07_2023_16_24_28_0000.mat,407430,422776,15346,5,5,9,sub10,,bci
373,sub15_train1_31_07_2023_15_47_05_0000.mat,0,33567,33567,5,3,8,sub15,easy,
374,sub15_train1_31_07_2023_15_47_05_0000.mat,48974,79702,30728,7,7,6,sub15,hard,
375,sub15_train1_31_07_2023_15_47_05_0000.mat,97177,127907,30730,5,5,8,sub15,easy,
376,sub15_train1_31_07_2023_15_47_05_0000.mat,133154,163883,30729,8,8,4,sub15,hard,
377,sub15_train1_31_07_2023_15_47_05_0000.mat,171143,201882,30739,7,6,8,sub15,easy,
378,sub15_train1_31_07_2023_15_47_05_0000.mat,209067,239810,30743,7,8,5,sub15,hard,
379,sub15_train2_31_07_2023_15_55_38_0000.mat,0,34390,34390,7,5,9,sub15,easy,silence
380,sub15_train2_31_07_2023_15_55_38_0000.mat,39675,70403,30728,8,8,4,sub15,hard,silence
381,sub15_train2_31_07_2023_15_55_38_0000.mat,78751,109488,30737,7,4,8,sub15,easy,silence
382,sub15_train2_31_07_2023_15_55_38_0000.mat,116290,147013,30723,8,8,5,sub15,hard,silence
383,sub15_train2_31_07_2023_15_55_38_0000.mat,154487,185227,30740,7,3,8,sub15,easy,silence
384,sub15_train2_31_07_2023_15_55_38_0000.mat,194334,225047,30713,8,7,6,sub15,hard,silence
385,sub15_test_31_07_2023_16_05_50_0000.mat,0,35313,35313,6,4,9,sub15,easy,bci
386,sub15_test_31_07_2023_16_05_50_0000.mat,42492,73225,30733,7,7,5,sub15,hard,bci
387,sub15_test_31_07_2023_16_05_50_0000.mat,79220,109943,30723,7,4,9,sub15,easy,sham
388,sub15_test_31_07_2023_16_05_50_0000.mat,115236,145966,30730,7,7,7,sub15,hard,sham
389,sub15_test_31_07_2023_16_05_50_0000.mat,151791,182520,30729,7,3,9,sub15,easy,bci
390,sub15_test_31_07_2023_16_05_50_0000.mat,188616,219347,30731,8,6,8,sub15,hard,bci
391,sub15_test_31_07_2023_16_05_50_0000.mat,225702,256436,30734,7,3,9,sub15,easy,sham
392,sub15_test_31_07_2023_16_05_50_0000.mat,261185,291907,30722,8,5,8,sub15,hard,sham
393,sub15_test_31_07_2023_16_05_50_0000.mat,296014,326751,30737,7,3,9,sub15,easy,bci
394,sub15_test_31_07_2023_16_05_50_0000.mat,331164,361972,30808,8,6,7,sub15,hard,bci
395,sub15_test_31_07_2023_16_05_50_0000.mat,367628,398358,30730,7,3,9,sub15,easy,sham
396,sub15_test_31_07_2023_16_05_50_0000.mat,403091,433819,30728,7,4,8,sub15,hard,sham
397,sub15_test_31_07_2023_16_05_50_0000.mat,439230,454572,15342,6,3,8,sub15,easy,bci
